{"100_None_2_gini_sqrt": 0.7305188094253824, "100_None_2_gini_log2": 0.7189954526663911, "100_None_2_entropy_sqrt": 0.6989975196362133, "100_None_2_entropy_log2": 0.7311905746176106, "100_None_3_gini_sqrt": 0.7335675899131873, "100_None_3_gini_log2": 0.6996692848284415, "100_None_3_entropy_sqrt": 0.7383216205043406, "100_None_3_entropy_log2": 0.7335675899131873, "100_None_10_gini_sqrt": 0.7244212484497726, "100_None_10_gini_log2": 0.7311905746176106, "100_None_10_entropy_sqrt": 0.7020463001240183, "100_None_10_entropy_log2": 0.7027180653162464, "100_5_2_gini_sqrt": 0.732895824720959, "100_5_2_gini_log2": 0.6749173212071105, "100_5_2_entropy_sqrt": 0.7359446052087639, "100_5_2_entropy_log2": 0.6718685407193055, "100_5_3_gini_sqrt": 0.7166184373708144, "100_5_3_gini_log2": 0.6833918974782969, "100_5_3_entropy_sqrt": 0.732895824720959, "100_5_3_entropy_log2": 0.6749173212071105, "100_5_10_gini_sqrt": 0.7244212484497726, "100_5_10_gini_log2": 0.6864406779661016, "100_5_10_entropy_sqrt": 0.7305188094253824, "100_5_10_entropy_log2": 0.6803431169904919, "100_10_2_gini_sqrt": 0.7413704009921454, "100_10_2_gini_log2": 0.6996692848284415, "100_10_2_entropy_sqrt": 0.7274700289375775, "100_10_2_entropy_log2": 0.69424348904506, "100_10_3_gini_sqrt": 0.7220442331541959, "100_10_3_gini_log2": 0.7335675899131873, "100_10_3_entropy_sqrt": 0.7359446052087639, "100_10_3_entropy_log2": 0.7142414220752378, "100_10_10_gini_sqrt": 0.7389933856965688, "100_10_10_gini_log2": 0.6888176932616783, "100_10_10_entropy_sqrt": 0.7098491112029763, "100_10_10_entropy_log2": 0.7166184373708144, "500_None_2_gini_sqrt": 0.7359446052087639, "500_None_2_gini_log2": 0.7311905746176106, "500_None_2_entropy_sqrt": 0.7359446052087639, "500_None_2_entropy_log2": 0.7027180653162464, "500_None_3_gini_sqrt": 0.7159466721785861, "500_None_3_gini_log2": 0.7227159983464242, "500_None_3_entropy_sqrt": 0.7298470442331542, "500_None_3_entropy_log2": 0.7196672178586192, "500_None_10_gini_sqrt": 0.7244212484497726, "500_None_10_gini_log2": 0.7172902025630425, "500_None_10_entropy_sqrt": 0.732895824720959, "500_None_10_entropy_log2": 0.7057668458040512, "500_5_2_gini_sqrt": 0.7305188094253824, "500_5_2_gini_log2": 0.7033898305084746, "500_5_2_entropy_sqrt": 0.732895824720959, "500_5_2_entropy_log2": 0.7033898305084746, "500_5_3_gini_sqrt": 0.7305188094253824, "500_5_3_gini_log2": 0.6749173212071105, "500_5_3_entropy_sqrt": 0.7189954526663911, "500_5_3_entropy_log2": 0.6918664737494833, "500_5_10_gini_sqrt": 0.7389933856965688, "500_5_10_gini_log2": 0.6918664737494833, "500_5_10_entropy_sqrt": 0.7244212484497726, "500_5_10_entropy_log2": 0.6918664737494833, "500_10_2_gini_sqrt": 0.7244212484497726, "500_10_2_gini_log2": 0.7057668458040512, "500_10_2_entropy_sqrt": 0.7274700289375775, "500_10_2_entropy_log2": 0.7196672178586192, "500_10_3_gini_sqrt": 0.7274700289375775, "500_10_3_gini_log2": 0.7142414220752378, "500_10_3_entropy_sqrt": 0.7159466721785861, "500_10_3_entropy_log2": 0.7227159983464242, "500_10_10_gini_sqrt": 0.7305188094253824, "500_10_10_gini_log2": 0.7027180653162464, "500_10_10_entropy_sqrt": 0.7213724679619677, "500_10_10_entropy_log2": 0.7335675899131873, "1000_None_2_gini_sqrt": 0.7220442331541959, "1000_None_2_gini_log2": 0.7166184373708144, "1000_None_2_entropy_sqrt": 0.7244212484497726, "1000_None_2_entropy_log2": 0.7311905746176106, "1000_None_3_gini_sqrt": 0.7274700289375775, "1000_None_3_gini_log2": 0.7227159983464242, "1000_None_3_entropy_sqrt": 0.7244212484497726, "1000_None_3_entropy_log2": 0.708143861099628, "1000_None_10_gini_sqrt": 0.7074720959073997, "1000_None_10_gini_log2": 0.7057668458040512, "1000_None_10_entropy_sqrt": 0.7159466721785861, "1000_None_10_entropy_log2": 0.7250930136420008, "1000_5_2_gini_sqrt": 0.7389933856965688, "1000_5_2_gini_log2": 0.6664427449359239, "1000_5_2_entropy_sqrt": 0.7274700289375775, "1000_5_2_entropy_log2": 0.6918664737494833, "1000_5_3_gini_sqrt": 0.7359446052087639, "1000_5_3_gini_log2": 0.6749173212071105, "1000_5_3_entropy_sqrt": 0.7244212484497726, "1000_5_3_entropy_log2": 0.6664427449359239, "1000_5_10_gini_sqrt": 0.7274700289375775, "1000_5_10_gini_log2": 0.6694915254237288, "1000_5_10_entropy_sqrt": 0.7274700289375775, "1000_5_10_entropy_log2": 0.6918664737494833, "1000_10_2_gini_sqrt": 0.7213724679619677, "1000_10_2_gini_log2": 0.7172902025630425, "1000_10_2_entropy_sqrt": 0.7244212484497726, "1000_10_2_entropy_log2": 0.7281417941298056, "1000_10_3_gini_sqrt": 0.7244212484497726, "1000_10_3_gini_log2": 0.7227159983464242, "1000_10_3_entropy_sqrt": 0.7244212484497726, "1000_10_3_entropy_log2": 0.7111926415874328, "1000_10_10_gini_sqrt": 0.7244212484497726, "1000_10_10_gini_log2": 0.7111926415874328, "1000_10_10_entropy_sqrt": 0.7159466721785861, "1000_10_10_entropy_log2": 0.7111926415874328}