{"100_None_2_gini_sqrt": 0.8406540940558607, "100_None_2_gini_log2": 0.8420864168059203, "100_None_2_entropy_sqrt": 0.849128670327047, "100_None_2_entropy_log2": 0.8476963475769874, "100_None_3_gini_sqrt": 0.8745523991406063, "100_None_3_gini_log2": 0.8180950107424205, "100_None_3_entropy_sqrt": 0.8689424683695393, "100_None_3_entropy_log2": 0.8336118405347339, "100_None_10_gini_sqrt": 0.8505609930771068, "100_None_10_gini_log2": 0.8476963475769874, "100_None_10_entropy_sqrt": 0.8646455001193604, "100_None_10_entropy_log2": 0.8576032465982335, "100_5_2_gini_sqrt": 0.8886369061828597, "100_5_2_gini_log2": 0.844831702076868, "100_5_2_entropy_sqrt": 0.8675101456194796, "100_5_2_entropy_log2": 0.8392217713058009, "100_5_3_gini_sqrt": 0.8660778228694199, "100_5_3_gini_log2": 0.8646455001193604, "100_5_3_entropy_sqrt": 0.849128670327047, "100_5_3_entropy_log2": 0.8392217713058009, "100_5_10_gini_sqrt": 0.8561709238481738, "100_5_10_gini_log2": 0.8518739555979947, "100_5_10_entropy_sqrt": 0.8617808546192409, "100_5_10_entropy_log2": 0.822272618763428, "100_10_2_gini_sqrt": 0.8731200763905467, "100_10_2_gini_log2": 0.8208402960133683, "100_10_2_entropy_sqrt": 0.875984721890666, "100_10_2_entropy_log2": 0.8872045834328002, "100_10_3_gini_sqrt": 0.8519933158271663, "100_10_3_gini_log2": 0.8561709238481738, "100_10_3_entropy_sqrt": 0.849128670327047, "100_10_3_entropy_log2": 0.8321795177846741, "100_10_10_gini_sqrt": 0.844831702076868, "100_10_10_gini_log2": 0.860348531869181, "100_10_10_entropy_sqrt": 0.8675101456194796, "100_10_10_entropy_log2": 0.860348531869181, "500_None_2_gini_sqrt": 0.8336118405347339, "500_None_2_gini_log2": 0.8406540940558607, "500_None_2_entropy_sqrt": 0.8675101456194796, "500_None_2_entropy_log2": 0.8547386010981142, "500_None_3_gini_sqrt": 0.8505609930771068, "500_None_3_gini_log2": 0.8321795177846741, "500_None_3_entropy_sqrt": 0.8801623299116734, "500_None_3_entropy_log2": 0.849128670327047, "500_None_10_gini_sqrt": 0.8505609930771068, "500_None_10_gini_log2": 0.8406540940558607, "500_None_10_entropy_sqrt": 0.8646455001193604, "500_None_10_entropy_log2": 0.8406540940558607, "500_5_2_gini_sqrt": 0.8590355693482932, "500_5_2_gini_log2": 0.8476963475769874, "500_5_2_entropy_sqrt": 0.8675101456194796, "500_5_2_entropy_log2": 0.8321795177846741, "500_5_3_gini_sqrt": 0.8576032465982335, "500_5_3_gini_log2": 0.8321795177846741, "500_5_3_entropy_sqrt": 0.8745523991406063, "500_5_3_entropy_log2": 0.8237049415134877, "500_5_10_gini_sqrt": 0.8505609930771068, "500_5_10_gini_log2": 0.8561709238481738, "500_5_10_entropy_sqrt": 0.8660778228694199, "500_5_10_entropy_log2": 0.8406540940558607, "500_10_2_gini_sqrt": 0.8590355693482932, "500_10_2_gini_log2": 0.8476963475769874, "500_10_2_entropy_sqrt": 0.8660778228694199, "500_10_2_entropy_log2": 0.8576032465982335, "500_10_3_gini_sqrt": 0.8449510623060396, "500_10_3_gini_log2": 0.8321795177846741, "500_10_3_entropy_sqrt": 0.875984721890666, "500_10_3_entropy_log2": 0.8576032465982335, "500_10_10_gini_sqrt": 0.849128670327047, "500_10_10_gini_log2": 0.8576032465982335, "500_10_10_entropy_sqrt": 0.8801623299116734, "500_10_10_entropy_log2": 0.849128670327047, "1000_None_2_gini_sqrt": 0.8420864168059203, "1000_None_2_gini_log2": 0.8576032465982335, "1000_None_2_entropy_sqrt": 0.8449510623060396, "1000_None_2_entropy_log2": 0.8321795177846741, "1000_None_3_gini_sqrt": 0.8505609930771068, "1000_None_3_gini_log2": 0.8406540940558607, "1000_None_3_entropy_sqrt": 0.8590355693482932, "1000_None_3_entropy_log2": 0.849128670327047, "1000_None_10_gini_sqrt": 0.8590355693482932, "1000_None_10_gini_log2": 0.8576032465982335, "1000_None_10_entropy_sqrt": 0.8660778228694199, "1000_None_10_entropy_log2": 0.8660778228694199, "1000_5_2_gini_sqrt": 0.8660778228694199, "1000_5_2_gini_log2": 0.8237049415134877, "1000_5_2_entropy_sqrt": 0.8590355693482932, "1000_5_2_entropy_log2": 0.8406540940558607, "1000_5_3_gini_sqrt": 0.8660778228694199, "1000_5_3_gini_log2": 0.8406540940558607, "1000_5_3_entropy_sqrt": 0.8660778228694199, "1000_5_3_entropy_log2": 0.849128670327047, "1000_5_10_gini_sqrt": 0.8660778228694199, "1000_5_10_gini_log2": 0.8406540940558607, "1000_5_10_entropy_sqrt": 0.8660778228694199, "1000_5_10_entropy_log2": 0.8237049415134877, "1000_10_2_gini_sqrt": 0.853425638577226, "1000_10_2_gini_log2": 0.849128670327047, "1000_10_2_entropy_sqrt": 0.8815946526617331, "1000_10_2_entropy_log2": 0.8576032465982335, "1000_10_3_gini_sqrt": 0.8505609930771068, "1000_10_3_gini_log2": 0.8406540940558607, "1000_10_3_entropy_sqrt": 0.8731200763905467, "1000_10_3_entropy_log2": 0.8406540940558607, "1000_10_10_gini_sqrt": 0.8590355693482932, "1000_10_10_gini_log2": 0.8476963475769874, "1000_10_10_entropy_sqrt": 0.8716877536404871, "1000_10_10_entropy_log2": 0.849128670327047}